rank,keyword,score
1,story,0.025714543574999603
2,time,0.023280816573227923
3,great,0.021177635443023254
4,like,0.020996174701472095
5,really,0.02051754861069508
6,love,0.020409009731051315
7,would,0.020053652848226477
8,good,0.01964033941758767
9,character,0.018881626393321044
10,novel,0.017565965753261626
11,get,0.017303781242742566
12,life,0.017144251775452615
13,make,0.016893278325359553
14,people,0.016259021000419958
15,year,0.015446797483905506
