rank,keyword,score
1,book,0.07747038281603932
2,read,0.04399478616275758
3,one,0.032487183950528534
4,story,0.026256912000601852
5,great,0.024147401731280275
6,time,0.022694692258925217
7,love,0.02228282785266954
8,really,0.019412180690875226
9,good,0.019227874687036444
10,like,0.018960874177746407
11,life,0.01842297309077615
12,character,0.018335537719196972
13,get,0.01806103552096352
14,would,0.01786779973011032
15,year,0.01718149415172657
